"x","y","z"
-2.64119946546827,4.54301313541824,0.040512766647104
-2.64782559646167,4.53956094647703,0.040675367634942
-2.65444631954258,4.53609948599626,0.040837885499301
-2.66106162222596,4.53262876300087,0.041000319926595
-2.66767149203726,4.52914878653421,0.041162670603593
-2.67427591651511,4.525659565656,0.041324937217408
-2.68087488321453,4.52216110944004,0.0414871194555
-2.68746837970999,4.51865342697194,0.041649217005666
-2.69405639359844,4.51513652734692,0.041811229556044
-2.70063891250209,4.51161041966771,0.041973156795102
-2.70721592407097,4.50807511304266,0.042134998411642
-2.71378741598478,4.50453061658421,0.042296754094796
-2.72035337595443,4.50097693940765,0.04245842353402
-2.72691379172278,4.49741409063039,0.042620006419097
-2.7334686510649,4.49384207937155,0.042781502440132
-2.74001794644853,4.49026091219908,0.042942911402445
-2.7465616563847,4.48667060333595,0.043104232766939
-2.75309977340441,4.48307115936245,0.043265466339637
-2.75963228540012,4.4794625894102,0.043426611811931
-2.76615918028808,4.47584490261736,0.043587668875531
-2.77268044600552,4.47221810813046,0.04374863722247
-2.77919607050732,4.46858221510674,0.043909516545102
-2.78570604176304,4.46493723271618,0.044070306536105
-2.79221034775382,4.46128317014376,0.044231006888478
-2.79870897646955,4.45762003659154,0.044391617295547
-2.80520191590654,4.45394784128054,0.044552137450963
-2.81168915406553,4.45026659345232,0.044712567048704
-2.81817067895039,4.44657630237021,0.044872905783076
-2.82464647856724,4.44287697732022,0.045033153348712
-2.83111654092448,4.43916862761141,0.045193309440575
-2.83758085403332,4.43545126257582,0.045353373753957
-2.84403940590884,4.43172489156802,0.04551334598448
-2.85049218457195,4.42798952396417,0.045673225828094
-2.85693917805139,4.4242451691607,0.045833012981077
-2.86338037438649,4.42049183657269,0.045992707140035
-2.86981576162999,4.41672953563198,0.046152308001896
-2.87624532785104,4.41295827578508,0.046311815263914
-2.88266906113818,4.40917806649108,0.046471228623663
-2.88908694960215,4.40538891721946,0.046630547779035
-2.89549898137848,4.40159083744815,0.046789772428236
-2.90190514462958,4.39778383666163,0.046948902269783
-2.9083054275464,4.39396792434944,0.047107937002501
-2.9146998183495,4.39014311000496,0.047266876325518
-2.9210883052894,4.38630940312461,0.047425719938259
-2.92747087664637,4.38246681320751,0.047584467540448
-2.93384752529134,4.3786153469957,0.047743118945612
-2.94021823043291,4.37475501950746,0.04790167362695
-2.94658298499875,4.37088583749866,0.048060131398626
-2.95294177737315,4.36700781048403,0.048218491961501
-2.95929459596014,4.36312094798545,0.048376755016707
-2.9656414291803,4.35922525953372,0.048534920265651
-2.97198226546752,4.35532075467063,0.048692987410006
-2.97831709326569,4.35140744295104,0.04885095615171
-2.98464590102582,4.34748533394485,0.049008826192967
-2.99096867720315,4.34355443723905,0.049166597236241
-2.99728541025489,4.33961476243938,0.049324268984258
-3.00359608863858,4.33566631917178,0.049481841140002
-3.0099007008107,4.33170911708354,0.049639313406718
-3.01619923522646,4.32774316584392,0.049796685487911
-3.02249168033978,4.32376847514456,0.049953957087346
-3.02877802460429,4.31978505469924,0.050111127909049
-3.03505825647482,4.31579291424338,0.05026819765731
-3.04133236440955,4.31179206353304,0.050425166036684
-3.04760033687253,4.30778251234366,0.050582032751992
-3.05386216233674,4.30376427046848,0.050738797508325
-3.06011782928728,4.29973734771673,0.050895460011046
-3.06636732622476,4.29570175391176,0.051052019965791
-3.07261064166858,4.29165749888909,0.051208477078476
-3.0788477641602,4.28760459249455,0.051364831055295
-3.08507868226587,4.28354304458263,0.051521081602725
-3.09130338457925,4.27947286501489,0.051677228427528
-3.09752185972325,4.27539406365896,0.051833271236754
-3.10373409635146,4.27130665038764,0.051989209737742
-3.10994008314875,4.26721063507859,0.052145043638125
-3.11613980883152,4.26310602761438,0.052300772645828
-3.12233326214688,4.25899283788294,0.05245639646907
-3.12852043623716,4.25487107286577,0.052611914926117
-3.1347013111713,4.25074074828416,0.052767327506207
-3.14087588014934,4.24660187114244,0.052922634028273
-3.1470441320243,4.24245445136263,0.053077834201722
-3.15320605566909,4.23829849887986,0.053232927736254
-3.15936163997372,4.23413402364434,0.053387914341865
-3.16551087384223,4.22996103562349,0.053542793728847
-3.17165374618996,4.22577954480376,0.053697565607779
-3.17779024594085,4.22158956119247,0.053852229689534
-3.18392036202548,4.21739109481911,0.05400678568527
-3.19004408337931,4.21318415573631,0.054161233306428
-3.19616139894163,4.20896875402055,0.054315572264733
-3.20227229765503,4.20474489977213,0.054469802272184
-3.20837676846556,4.20051260311486,0.054623923041058
-3.21447480032353,4.19627187419514,0.0547779342839
-3.22056638218468,4.19202272318065,0.054931835713523
-3.22665150301222,4.18776516025859,0.055085627043002
-3.23273015177889,4.18349919563354,0.055239307985673
-3.23880231746968,4.17922483952517,0.055392878255127
-3.24486798908454,4.17494210216564,0.055546337565206
-3.25092715564126,4.17065099379704,0.055699685630004
-3.2569798061783,4.16635152466876,0.055852922163859
-3.26302592975735,4.16204370503513,0.056006046881354
-3.26906551546563,4.15772754515324,0.056159059497313
-3.27509855241786,4.15340305528107,0.0563119597268
-3.28112502975765,4.14907024567608,0.056464747285118
-3.28714493665831,4.14472912659429,0.056617421887807
-3.29315826232309,4.14037970828988,0.056769983250646
-3.29916499598496,4.13602200101523,0.056922431089651
-3.30516512690549,4.13165601502164,0.057074765121077
-3.31115864437347,4.12728176056045,0.057226985061419
-3.31714554186288,4.12289924483495,0.057379090733122
-3.32312580038602,4.11850848419553,0.05753108164167
-3.32909941346453,4.11410948586086,0.05768295761008
-3.33506637047287,4.10970226010204,0.057834718355828
-3.34102666080007,4.10528681720129,0.057986363596646
-3.34698027384692,4.1008631674545,0.058137893050522
-3.35292719902345,4.09643132117371,0.058289306435703
-3.35886742574671,4.09199128868936,0.058440603470702
-3.36480094343898,4.08754308035216,0.0585917838743
-3.37072774152648,4.08308670653466,0.058742847365549
-3.3766478094386,4.07862217763223,0.058893793663776
-3.38256113660785,4.07414950406361,0.059044622488589
-3.38846771247029,4.06966869627088,0.059195333559876
-3.39436752646649,4.06517976471897,0.05934592659781
-3.40026056804325,4.0606827198945,0.059496401322852
-3.4061468266555,4.05617757230441,0.059646757455751
-3.4120262917687,4.05166433247403,0.059796994717547
-3.41789895286153,4.04714301094477,0.059947112829573
-3.42376479942859,4.04261361827195,0.060097111513453
-3.42962382098314,4.03807616502214,0.060246990491103
-3.43547600705986,4.03353066177072,0.060396749484732
-3.44132134721708,4.02897711909962,0.060546388216842
-3.44715983103893,4.02441554759512,0.060695906410224
-3.45299144813686,4.01984595784613,0.06084530378796
-3.45881618815077,4.0152683604427,0.06099458007342
-3.46463404074936,4.01068276597529,0.06114373499026
-3.47044499563011,4.00608918503422,0.061292768262421
-3.47624904251851,4.00148762820985,0.06144167961413
-3.48204617521089,3.99687810287287,0.061590468873711
-3.48783637539121,3.99226062605131,0.061739135558234
-3.49361963690815,3.98763520512663,0.061887679496669
-3.49939594958136,3.98300185070052,0.062036100414366
-3.50516530324772,3.97836057338216,0.062184398036951
-3.51092768775829,3.97371138379083,0.062332572090331
-3.51668309297544,3.96905429255827,0.062480622300693
-3.52243150877,3.96438931033128,0.062628548394504
-3.52817292501892,3.95971644777389,0.062776350098515
-3.53390733160296,3.95503571556957,0.06292402713976
-3.53963471840521,3.9503471244229,0.063071579245565
-3.54535507530993,3.94565068506091,0.063219006143543
-3.55106839220209,3.94094640823398,0.063366307561605
-3.55677465896761,3.93623430471609,0.06351348322796
-3.562473865494,3.93151438530478,0.063660532871122
-3.56816600167183,3.92678666082038,0.063807456219915
-3.57385105739665,3.92205114210487,0.06395425300348
-3.57952902257133,3.91730784002037,0.064100922951276
-3.58519988710885,3.9125567654471,0.064247465793091
-3.59086364093527,3.90779792928133,0.064393881259049
-3.59652027399283,3.90303134243299,0.064540169079611
-3.60216977624311,3.8982570158233,0.064686328985587
-3.60781213767,3.89347496038246,0.064832360708139
-3.61344734828245,3.88868518704757,0.064978263978789
-3.61907539811679,3.88388770676069,0.065124038529425
-3.62469627723867,3.87908253046745,0.065269684092307
-3.63030997574451,3.87426966911585,0.065415200400071
-3.6359164837622,3.86944913365584,0.065560587185736
-3.64151579145133,3.86462093503913,0.065705844182709
-3.6471078890028,3.85978508421976,0.065850971124789
-3.65269276663782,3.85494159215493,0.06599596774617
-3.65827041851541,3.85009046640181,0.066140833882993
-3.66384082708936,3.84523172473279,0.066285569067069
-3.66940398657514,3.84036537472537,0.066430173135438
-3.67495988729617,3.83549142736734,0.066574645823908
-3.68050851959515,3.83060989365976,0.066718986868697
-3.68604987383143,3.82572078461948,0.066863196006429
-3.69158394037842,3.82082411128135,0.06700727297414
-3.69711070962128,3.81591988470038,0.067151217509274
-3.70263017195495,3.8110081159533,0.067295029349684
-3.70814231778255,3.80608881614,0.067438708233631
-3.71364713751432,3.80116199638428,0.067582253899781
-3.71914462156712,3.79622766783407,0.067725666087205
-3.72463476036443,3.79128584166113,0.067868944535376
-3.73011754433699,3.78633652906017,0.068012088984166
-3.73559296392384,3.78137974124744,0.068155099173846
-3.74106100957394,3.77641548945879,0.068297974845079
-3.74652167174815,3.77144378494739,0.068440715738922
-3.75197494092156,3.76646463898093,0.068583321596819
-3.75742080758583,3.76147806283897,0.068725792160604
-3.76285926225194,3.75648406780973,0.068868127172491
-3.76829029545256,3.75148266518732,0.06901032637508
-3.77371389774455,3.74647386626876,0.069152389511349
-3.77913005971102,3.74145768235158,0.069294316324655
-3.78453877196315,3.73643412473152,0.069436106558733
-3.78994002514149,3.73140320470088,0.069577759957695
-3.79533380991686,3.72636493354728,0.069719276266029
-3.80072011699062,3.72131932255308,0.069860655228602
-3.80609893709452,3.71626638299539,0.070001896590657
-3.81147026098983,3.71120612614666,0.070143000097817
-3.81683407946624,3.70613856327582,0.070283965496086
-3.82219038711367,3.70106370206968,0.070424792631087
-3.82753916722053,3.6959815609515,0.070565481051023
-3.83288041442894,3.69089214761649,0.070706030602389
-3.83821411962193,3.68579547334082,0.070846441032738
-3.84354027369982,3.68069154940917,0.070986712090021
-3.84885886757774,3.67558038711765,0.071126843522584
-3.85416989218338,3.67046199777653,0.071266835079181
-3.85947333845488,3.66533639271275,0.071406686508968
-3.86476919733934,3.66020358327201,0.071546397561514
-3.87005745979145,3.65506358082054,0.0716859679868
-3.87533811677295,3.6499163967461,0.071825397535226
-3.88061115925227,3.64476204245874,0.071964685957608
-3.88587657820506,3.63960052939059,0.072103833005188
-3.89113436461489,3.63443186899535,0.072242838429628
-3.89638450947472,3.62925607274701,0.072381701983017
-3.90162700378856,3.62407315213816,0.07252042341787
-3.90686183857352,3.61888311867782,0.072659002487127
-3.91208900486226,3.61368598388884,0.072797438944154
-3.91730849370526,3.60848175930528,0.072935732542742
-3.92252029617335,3.60327045646941,0.073073883037104
-3.92772440336002,3.59805208692895,0.073211890181875
-3.93292080638359,3.59282666223427,0.073349753732109
-3.93810949638902,3.587594193936,0.073487473443272
-3.94329046454931,3.58235469358288,0.073625049071246
-3.94846370206647,3.57710817272021,0.073762480372319
-3.95362920017204,3.57185464288862,0.073899767103183
-3.9587869501269,3.56659411562369,0.07403690902093
-3.9639369432207,3.56132660245595,0.074173905883051
-3.96907917077072,3.55605211491157,0.074310757447426
-3.97421362412021,3.55077066451364,0.074447463472325
-3.97934029463649,3.54548226278381,0.074584023716402
-3.98445917733124,3.54018691749166,0.07472043803526
-3.98957025636141,3.53488464766413,0.074856705995077
-3.99467352677979,3.52957546108508,0.074992827452312
-3.99976898002468,3.52425936929535,0.075128802167129
-4.0048566075457,3.51893638384746,0.075264629900066
-4.00993640080138,3.5136065163083,0.075400310412029
-4.01500835125733,3.50826977826146,0.075535843464298
-4.02007245038466,3.50292618130918,0.075671228818521
-4.02512868965888,3.49757573707394,0.07580646623672
-4.03017706055943,3.49221845719939,0.075941555481287
-4.03521755456974,3.48685435335078,0.076076496314991
-4.04025016317774,3.48148343721471,0.076211288500975
-4.04527487787709,3.47610572049841,0.076345931802762
-4.05029169016876,3.47072121492836,0.076480425984255
-4.05530059156304,3.46532993224847,0.076614770809742
-4.06030157358198,3.45993188421785,0.076748966043899
-4.06529462776196,3.45452708260827,0.076883011451791
-4.07027974565641,3.44911553920145,0.07701690679888
-4.07525691883863,3.44369726578618,0.077150651851025
-4.08022613890432,3.43827227415575,0.077284246374482
-4.08518739747411,3.43284057610527,0.077417690135917
-4.09014068619563,3.42740218342946,0.0775509829024
-4.09508599674528,3.42195710792083,0.077684124441409
-4.1000233208294,3.41650536136832,0.077817114520838
-4.1049526501851,3.41104695555655,0.077949952908991
-4.1098739765804,3.40558190226553,0.078082639374592
-4.11478729181398,3.4001102132711,0.078215173686777
-4.11969258771424,3.39463190034591,0.078347555615101
-4.12458985613805,3.38914697526088,0.078479784929538
-4.12947908896895,3.38365544978723,0.078611861400475
-4.13436028158772,3.37815733178178,0.078743784892591
-4.13923341897415,3.37265264085286,0.078875554989248
-4.14409849655702,3.3671413848752,0.079007171556056
-4.14895550630441,3.36162357564658,0.079138634365056
-4.15380444019947,3.35609922497823,0.07926994318869
-4.15864529023838,3.35056834469723,0.079401097799804
-4.16347804842848,3.3450309466485,0.079532097971639
-4.16830270678661,3.33948704269654,0.07966294347783
-4.17311925733817,3.33393664472638,0.079793634092399
-4.17792769211646,3.32837976464404,0.079924169589747
-4.18272800316242,3.32281641437647,0.080054549744653
-4.1875201825252,3.3172466058706,0.080184774332264
-4.19230422226278,3.31167035109201,0.08031484312809
-4.1970801144433,3.30608766202294,0.080444755907998
-4.20184785114667,3.30049855065979,0.080574512448205
-4.20660742446637,3.29490302901035,0.080704112525274
-4.21135882651158,3.28930110909063,0.080833555916102
-4.2161020494093,3.28369280292167,0.080962842397921
-4.22083708530648,3.27807812252627,0.081091971748289
-4.22556392637209,3.27245707992587,0.081220943745085
-4.23028256479888,3.26682968713779,0.081349758166504
-4.23499299280495,3.2611959561727,0.081478414791054
-4.23969520263488,3.25555589903275,0.081606913397551
-4.24438918656052,3.24990952771015,0.081735253765117
-4.24907493688121,3.24425685418648,0.081863435673176
-4.25375244592363,3.23859789043261,0.081991458901452
-4.25842170604118,3.23293264840931,0.082119323229971
-4.26308270961288,3.22726114006855,0.082247028439056
-4.2677354490419,3.22158337735532,0.08237457430933
-4.27237991675382,3.21589937220996,0.082501960621713
-4.27701610519456,3.210209136571,0.082629187157426
-4.28164401013974,3.20451267829619,0.082756253788937
-4.28626361744056,3.19881001748914,0.082883160116062
-4.29087492290833,3.19310116202405,0.083009906011992
-4.29547791904869,3.18738612386345,0.083136491259159
-4.30007259837725,3.18166491498332,0.083262915640306
-4.30465895341806,3.17593754737568,0.083389178938486
-4.30923697670253,3.1702040330505,0.083515280937061
-4.31380666076871,3.16446438403705,0.083641221419709
-4.31836799816107,3.15871861238471,0.08376700017042
-4.32292098143068,3.152966730163,0.083892616973504
-4.32746560313594,3.14720874946103,0.084018071613581
-4.33200185584358,3.14144468238626,0.084143363875592
-4.33652973213017,3.13567454106273,0.084268493544792
-4.3410492245838,3.12989833762873,0.084393460406749
-4.34556032580606,3.12411608423414,0.084518264247347
-4.35006302841407,3.11832779303747,0.084642904852779
-4.35455732504261,3.11253347620271,0.084767382009548
-4.35904320834602,3.10673314589639,0.084891695504464
-4.36352067100019,3.1009268142844,0.085015845124636
-4.36798970570398,3.09511449352955,0.085139830657476
-4.37245030518059,3.08929619578913,0.085263651890687
-4.37690246217834,3.08347193321324,0.085387308612266
-4.38134616947109,3.07764171794357,0.085510800610496
-4.38578141985824,3.07180556211281,0.085634127673941
-4.39020820616413,3.0659634778449,0.085757289591444
-4.39462652123722,3.06011547725562,0.085880286152125
-4.39903635794858,3.05426157245421,0.086003117145371
-4.40343770919029,3.04840177554519,0.08612578236084
-4.40783056787342,3.04253609863093,0.086248281588454
-4.41221492692585,3.03666455381443,0.086370614618396
-4.41659077928995,3.03078715320251,0.086492781241112
-4.42095812106549,3.02490390466592,0.086614781335189
-4.42531693892086,3.01901482881042,0.086736614515704
-4.42966722898009,3.01311993353437,0.086858280661883
-4.4340089842224,3.00721923099088,0.086979779565209
-4.43834219763205,3.00131273335133,0.087101111017427
-4.4426668621974,2.99540045280714,0.087222274810543
-4.44698297091047,2.98948240157106,0.08734327073683
-4.45129051676696,2.98355859187764,0.087464098588832
-4.45558949276671,2.97762903598323,0.087584758159364
-4.4598798919147,2.97169374616516,0.087705249241518
-4.46416170722242,2.96575273472033,0.08782557162867
-4.46843493170962,2.95980601396339,0.087945725114479
-4.47269955840641,2.95385359622418,0.088065709492901
-4.47695558035546,2.9478954938451,0.088185524558184
-4.48120299061447,2.94193171917802,0.088305170104882
-4.48544178225846,2.9359622845813,0.088424645927858
-4.48967194838225,2.92998720241663,0.088543951822287
-4.49389348210251,2.9240064850463,0.088663087583665
-4.49810637655968,2.91802014483062,0.088782053007811
-4.50231062491959,2.91202819412578,0.088900847890877
-4.50650622037458,2.9060306452824,0.089019472029347
-4.51069315614426,2.90002751064447,0.089137925220046
-4.51487142547584,2.89401880254908,0.089256207260141
-4.51904102164385,2.88800453332679,0.089374317947147
-4.52320193794963,2.88198471530257,0.08949225707893
-4.5273541677202,2.87595936079747,0.089610024453707
-4.53149770430691,2.86992848213077,0.089727619870052
-4.53563254108379,2.86389209162241,0.089845043126896
-4.53975867144556,2.85785020159609,0.089962294023527
-4.54387608880571,2.85180282438217,0.090079372359591
-4.54798478957209,2.84574996792758,0.090196278019847
-4.55208476122782,2.83969165336813,0.090313010635028
-4.55617600021462,2.83362788868319,0.090429570090733
-4.56025850000138,2.82755868625962,0.09054595618804
-4.56433225406698,2.82148405850418,0.090662168728377
-4.56839725589919,2.81540401784504,0.090778207513529
-4.57245349899418,2.80931857673235,0.090894072345626
-4.57650097685636,2.8032277476383,0.091009763027144
-4.58053968299854,2.79713154305646,0.091125279360904
-4.58456961094272,2.79102997550033,0.091240621150065
-4.58859075422094,2.78492305750147,0.091355788198123
-4.59260310637673,2.77881080160689,0.091470780308906
-4.59660666096657,2.77269322037611,0.091585597286574
-4.60060141156166,2.76657032637786,0.09170023893561
-4.60458735174971,2.7604421321867,0.091814705060823
-4.60856447513684,2.7543086503794,0.091928995467344
-4.61253277534919,2.74816989353172,0.092043109960621
-4.61649224603457,2.74202587421526,0.092157048346423
-4.62044288086381,2.73587660499474,0.092270810430831
-4.62438467353175,2.72972209842588,0.092384396020246
-4.62831761775799,2.72356236705376,0.092497804921382
-4.63224170728717,2.71739742341208,0.092611036941273
-4.63615693588893,2.71122728002284,0.092724091887267
-4.64006329735747,2.70505194939698,0.092836969567034
-4.64396078551074,2.69887144403566,0.092949669788566
-4.64784939418929,2.69268577643213,0.093062192360181
-4.65172911725488,2.68649495907422,0.093174537090525
-4.65559994858885,2.68029900444729,0.093286703788576
-4.65946188209047,2.67409792503737,0.09339869226365
-4.663314911675,2.66789173333477,0.093510502325405
-4.66715903127203,2.66168044183742,0.093622133783846
-4.67099423762085,2.65546405851347,0.093733586530642
-4.6748205190743,2.64924260496378,0.093844860213749
-4.67863787239934,2.64301608919108,0.093955954725685
-4.68244629156844,2.63678452375405,0.094066869877891
-4.68624577056258,2.63054792123186,0.094177605482179
-4.69003630337104,2.62430629422506,0.094288161350735
-4.69381788399167,2.61805965535562,0.094398537296125
-4.69759050643133,2.61180801726654,0.094508733131297
-4.70135416470688,2.60555139262044,0.094618748669583
-4.7051088528464,2.59928979409776,0.094728583724703
-4.70885456489059,2.59302323439426,0.094838238110766
-4.71259129489439,2.58675172621821,0.094947711642271
-4.71631903692883,2.58047528228711,0.095057004134105
-4.72003778508261,2.57419391532447,0.09516611540155
-4.72374753346398,2.56790763805628,0.095275045260274
-4.72744827620217,2.56161646320792,0.095383793526337
-4.73114000744882,2.55532040350123,0.095492360016185
-4.73482272137908,2.54901947165181,0.095600744546652
-4.7384964121923,2.54271368036724,0.095708946934956
-4.74216107411249,2.53640304234563,0.095816966998699
-4.74581670138837,2.5300875702749,0.095924804555862
-4.74946328829299,2.52376727683285,0.096032459424807
-4.75310082912301,2.51744217468797,0.096139931424273
-4.75672931819768,2.51111227650076,0.096247220373374
-4.76034874985744,2.50477759492595,0.096354326091602
-4.76395911846243,2.49843814261499,0.096461248398821
-4.76756041839067,2.49209393221913,0.09656798711527
-4.77115264403633,2.4857449763927,0.096674542061561
-4.77473578980782,2.47939128779662,0.096780913058684
-4.77830985012608,2.47303287910176,0.096887099928003
-4.78187482204261,2.46666975830893,0.096993102569183
-4.78543069475305,2.46030194748183,0.097098920648368
-4.78897746533369,2.45392945465976,0.097204554066123
-4.79251512824232,2.44755229258269,0.097310002645343
-4.79604367794419,2.44117047401269,0.097415266209314
-4.79956310891201,2.43478401173463,0.097520344581718
-4.80307341562646,2.42839291855601,0.097625237586639
-4.80657459257691,2.42199720730624,0.097729945048564
-4.81006663426269,2.41559689083516,0.097834466792394
-4.81354953519454,2.40919198201085,0.097938802643447
-4.81702328989632,2.40278249371709,0.098042952427463
-4.82048789290695,2.39636843885032,0.098146915970613
-4.82394333878241,2.3899498303163,0.098250693099502
-4.82738962209776,2.38352668102672,0.098354283641175
-4.83082673744913,2.37709900389583,0.098457687423128
-4.83425467945558,2.37066681183713,0.098560904273305
-4.83767344276068,2.36423011776061,0.09866393402011
-4.84108302203391,2.35778893457024,0.098766776492409
-4.84448341197169,2.35134327516213,0.098869431519537
-4.84787460729806,2.34489315242328,0.098971898931299
-4.85125660276503,2.33843857923106,0.099074178557977
-4.85462939315242,2.33197956845345,0.099176270230328
-4.85799297326753,2.3255161329498,0.099278173779595
-4.86134733794426,2.31904828557258,0.0993798890375
-4.86469248204212,2.31257603916934,0.099481415836251
-4.8680284004448,2.3060994065855,0.099582754008542
-4.87135508805877,2.29961840066727,0.099683903387552
-4.87467253981157,2.29313303426495,0.099784863806942
-4.87798075065018,2.28664332023617,0.099885635100861
-4.88127971553941,2.28014927144918,0.099986217103938
-4.88456942946036,2.27365090078588,0.100086609651279
-4.88784988984976,2.26714821629791,0.100186812653057
-4.89112108682922,2.26064124059149,0.100286825796014
-4.8943830178692,2.25412998175976,0.100386648991405
-4.89763567800502,2.24761445275984,0.10048628207622
-4.90087906228426,2.24109466656976,0.10058572488791
-4.90411316576684,2.23457063618771,0.100684977264379
-4.9073379835255,2.22804237463079,0.100784039043982
-4.91055351064645,2.22150989493294,0.100882910065515
-4.91375974223041,2.21497321014228,0.100981590168213
-4.91695667339373,2.20843233331801,0.101080079191744
-4.92014429926973,2.20188727752692,0.101178376976202
-4.92332261501002,2.19533805583974,0.101276483362102
-4.92649161578597,2.18878468132731,0.101374398190374
-4.92965129679002,2.18222716705696,0.101472121302362
-4.93280165323684,2.17566552608919,0.101569652539815
-4.9359426803644,2.16909977147459,0.101666991744884
-4.93907437343476,2.16252991625146,0.101764138760121
-4.9421967277346,2.15595597344395,0.101861093428473
-4.94530973857546,2.14937795606094,0.101957855593281
-4.94841340129365,2.14279587709576,0.102054425098277
-4.95150771124991,2.13620974952657,0.102150801787585
-4.95459266382878,2.12961958631749,0.102246985505717
-4.95766825443758,2.12302540042059,0.102342976097573
-4.96073447850541,2.11642720477825,0.102438773408444
-4.96379133148179,2.10982501232621,0.102534377284009
-4.96683880883527,2.10321883599687,0.102629787570338
-4.96987690605198,2.09660868872296,0.10272500411389
-4.97290561863423,2.08999458344094,0.102820026761519
-4.9759249420991,2.08337653309484,0.10291485536047
-4.97893487197734,2.07675455063916,0.103009489758383
-4.98193540381224,2.07012864904204,0.103103929803294
-4.98492653541184,2.06349883628453,0.103198175414656
-4.98790825782972,2.05686513537075,0.103292226299105
-4.9908805689034,2.05022755432069,0.103386082377035
-4.99384346422157,2.04358610617299,0.103479743498068
-4.99679693938446,2.03694080398437,0.103573209512221
-4.99974099000443,2.0302916608285,0.103666480269905
-5.00267561170686,2.02363868979394,0.103759555621925
-5.00560080013115,2.01698190398169,0.103852435419474
-5.00851655093195,2.01032131650212,0.103945119514136
-5.01142285978044,2.00365694047152,0.104037607757875
-5.01431972236555,1.99698878900869,0.104129900003038
-5.01720713439525,1.99031687523129,0.104221996102347
-5.02008509159774,1.98364121225233,0.104313895908896
-5.02295358972229,1.9769618131771,0.104405599276144
-5.02581262454018,1.97027869110037,0.104497106057911
-5.02866219184509,1.96359185910421,0.104588416108376
-5.03150228745343,1.95690133025648,0.104679529282064
-5.0343329072043,1.95020711760996,0.104770445433848
-5.03715404695911,1.94350923420242,0.104861164418941
-5.03996570260104,1.93680769305723,0.10495168609289
-5.04276787003412,1.93010250718489,0.105042010311574
-5.04556054518218,1.92339368958509,0.105132136931196
-5.04834372398757,1.91668125324954,0.105222065808286
-5.05111740240981,1.90996521116501,0.105311796799688
-5.05388157642406,1.90324557631701,0.105401329762566
-5.05663624201979,1.89652236169325,0.105490664554399
-5.05938139519934,1.88979558028753,0.105579801032978
-5.06211703197665,1.88306524510312,0.105668739056405
-5.06484314837622,1.87633136915609,0.105757478483097
-5.06755974249437,1.86959396035343,0.105846019239032
-5.07026680624286,1.86285304199102,0.105934361048595
-5.07296433774315,1.85610862201557,0.106022503838545
-5.07565233305615,1.84936071351576,0.106110447468552
-5.07833078825188,1.84260932960041,0.106198191798607
-5.08099969941014,1.83585448339772,0.106285736689021
-5.08365906262133,1.82909618805378,0.106373082000429
-5.08630887398761,1.82233445673052,0.106460227593796
-5.08894912962419,1.81556930260291,0.106547173330416
-5.09157982566081,1.80880073885585,0.106633919071919
-5.09420095824325,1.80202877868069,0.106720464680272
-5.0968125235349,1.79525343527163,0.106806810017787
-5.09941451771823,1.78847472182213,0.10689295494712
-5.10200693699623,1.78169265152146,0.106978899331275
-5.10458977759365,1.77490723755158,0.107064643033611
-5.10716303575804,1.7681184930845,0.107150185917842
-5.10972670776052,1.76132643128031,0.10723552784804
-5.11228078989639,1.75453106528564,0.107320668688637
-5.11482527848529,1.74773240823312,0.107405608304429
-5.11736016987122,1.74093047324144,0.107490346560577
-5.11988546042216,1.73412527341625,0.107574883322605
-5.12240114652952,1.72731682185172,0.107659218456406
-5.1249072246073,1.72050513163279,0.107743351828238
-5.12740369109111,1.71369021583792,0.107827283304727
-5.12989054243701,1.70687208754225,0.10791101275286
-5.13236777512027,1.70005075982111,0.107994540039992
-5.13483538563406,1.69322624575356,0.108077865033839
-5.13729337048826,1.68639855842591,0.108160987602476
-5.13974172620828,1.67956771093494,0.108243907614334
-5.14218044933393,1.672733716391,0.108326624938199
-5.14460953641863,1.66589658792021,0.108409139443204
-5.14702898587715,1.65905633342878,0.108491451061765
-5.14943879058379,1.65221297655247,0.108573559537676
-5.15183894898532,1.64536652523777,0.108655464804183
-5.15422945768482,1.63851699268522,0.108737166731775
-5.1566103132978,1.63166439211292,0.108818665191262
-5.15898151245269,1.62480873675448,0.10889996005378
-5.16134305179147,1.61795003985654,0.108981051190776
-5.16369492797045,1.61108831467561,0.109061938474009
-5.16603713766117,1.60422357447459,0.109142621775542
-5.16836967755138,1.59735583251901,0.10922310096774
-5.17069254434594,1.59048510207318,0.109303375923263
-5.17300573476782,1.5836113963964,0.109383446515063
-5.17530924555891,1.57673472873944,0.10946331261638
-5.17760307348072,1.56985511234148,0.10954297410074
-5.17988721531494,1.56297256042739,0.10962243084195
-5.18216166786383,1.5560870862059,0.109701682714101
-5.18442642795032,1.54919870286835,0.10978072959156
-5.18668149241803,1.54230742358818,0.109859571348973
-5.18892685813093,1.53541326152145,0.109938207861266
-5.1911625219729,1.52851622980788,0.110016639003641
-5.19338848084708,1.52161634157278,0.110094864651582
-5.19560473167506,1.51471360992964,0.110172884680852
-5.19781127139595,1.50780804798315,0.110250698967497
-5.20000809696541,1.50089966883274,0.110328307387847
-5.20219520535464,1.49398848557624,0.110405709818519
-5.20437259354932,1.48707451131381,0.11048290613642
-5.20654025854872,1.48015775915158,0.110559896218748
-5.20869819736483,1.4732382422052,0.110636679942998
-5.21084640702165,1.46631597360284,0.110713257186959
-5.21298488455468,1.45939096648784,0.110789627828723
-5.21511362864832,1.45246322867722,0.110865791805334
-5.21723263307705,1.445532784034,0.110941748878023
-5.21934189655481,1.43859964041401,0.111017498984604
-5.22144141616151,1.43166381103249,0.111093042004386
-5.22353118898877,1.42472530912162,0.111168377816984
-5.22561121214056,1.4177841479286,0.111243506302322
-5.2276814827339,1.4108403407132,0.11131842734063
-5.22974199789968,1.40389390074464,0.111393140812445
-5.23179275478354,1.39694484129822,0.111467646598613
-5.23383375054678,1.38999317565156,0.111541944580281
-5.23586498236716,1.38303891708107,0.1116160346389
-5.23788644743973,1.37608207885821,0.111689916656225
-5.23989814297747,1.36912267424628,0.111763590514306
-5.24190006621179,1.36216071649747,0.111837056095492
-5.24389221439293,1.3551962188506,0.111910313282427
-5.24587458479006,1.34822919452939,0.111983361958047
-5.24784717469129,1.34125965674168,0.112056202005579
-5.24980998140341,1.33428761867921,0.112128833308539
-5.25176300225148,1.3273130935183,0.11220125575073
-5.25370623457823,1.32033609442139,0.112273469216244
-5.25563967574332,1.31335663453919,0.112345473589455
-5.25756332312251,1.3063747270134,0.112417268755026
-5.25947717410674,1.29939038498005,0.112488854597904
-5.26138122610116,1.29240362157323,0.112560231003327
-5.2632754765242,1.28541444992872,0.112631397856818
-5.26515992280667,1.27842288318818,0.112702355044194
-5.26703456239102,1.27142893450254,0.112773102451565
-5.26889939273061,1.2644326170357,0.112843639965339
-5.27075441128926,1.25743394396739,0.112913967472224
-5.27259961554092,1.25043292849561,0.112984084859237
-5.27443500296959,1.24342958383836,0.113053992013703
-5.27626057248272,1.23642391779537,0.113123688877286
-5.27807631875069,1.22941595450309,0.113193175229747
-5.27988224071004,1.22240570180452,0.113262451013563
-5.28167833588805,1.21539317299912,0.113331516117363
-5.28346460182461,1.2083783814031,0.113400370430118
-5.28524103607314,1.20136134034675,0.113469013841146
-5.28700763620172,1.1943420631713,0.113537446240122
-5.28876439979419,1.1873205632252,0.11360566751708
-5.29051132445131,1.18029685386042,0.113673677562428
-5.29224840779186,1.17327094842862,0.113741476266945
-5.29397564745366,1.16624286027757,0.113809063521795
-5.29569304109449,1.15921260274779,0.113876439218529
-5.29740058639288,1.15218018916974,0.113943603249095
-5.2990982810487,1.14514563286146,0.114010555505839
-5.30078612278361,1.13810894712711,0.114077295881514
-5.30246410934126,1.1310701452561,0.114143824269284
-5.30413223848735,1.12402924052302,0.11421014056273
-5.30579050800945,1.11698624618848,0.114276244655849
-5.30743891571672,1.10994117550057,0.114342136443066
-5.30907745943937,1.10289404169712,0.114407815819229
-5.31070613702809,1.09584485800837,0.114473282679617
-5.31232494635332,1.0887936376604,0.11453853691994
-5.31393388530453,1.08174039387847,0.11460357843634
-5.31553295178939,1.07468513989087,0.114668407125394
-5.31712214373298,1.06762788893251,0.114733022884114
-5.31870145907714,1.06056865424838,0.114797425609945
-5.32027089577974,1.05350744909671,0.114861615200766
-5.32183045181415,1.04644428675156,0.114925591554892
-5.32338012516882,1.03937918050482,0.114989354571065
-5.32491991384703,1.03231214366747,0.115052904148462
-5.32644981705897,1.02524318404255,0.115116240236119
-5.32796983044492,1.01817232603363,0.115179362635028
-5.32947995325231,1.01109957748268,0.115242271295243
-5.33098018354364,1.0040249517741,0.115304966117635
-5.33247051939691,0.996948462306007,0.115367447003496
-5.33395095890608,0.989870122487201,0.115429713854529
-5.33542150018165,0.982789945733506,0.115491766572854
-5.33688214135117,0.975707945463965,0.115553605060998
-5.33833288055987,0.968624135096876,0.115615229221898
-5.33977371597117,0.961538528045833,0.115676638958894
-5.3412046457672,0.954451137716056,0.115737834175734
-5.34262566814919,0.947361977501066,0.115798814776565
-5.34403678133781,0.940271060779862,0.115859580665939
-5.34543798357336,0.933178400914834,0.115920131748809
-5.34682927311583,0.926084011250314,0.115980467930527
-5.34821064824491,0.918987905111947,0.116040589116851
-5.34958210725976,0.911890095806965,0.116100495213939
-5.35094364847875,0.904790596625176,0.116160186128353
-5.3522952702391,0.89768942084075,0.116219661767062
-5.35363697089636,0.890586581714735,0.116278922037442
-5.35496874882394,0.88348209249804,0.116337966847278
-5.35629060241249,0.876375966434968,0.116396796104768
-5.35760253006939,0.86926821676695,0.116455409718523
-5.35890453021812,0.862158856736428,0.116513807597574
-5.36019660129782,0.855047899590615,0.116571989651368
-5.36147874176279,0.847935358585129,0.116629955789776
-5.36275095008214,0.840821246987158,0.116687705923092
-5.3640132247395,0.833705578078066,0.116745239962037
-5.3652655642329,0.826588365155432,0.116802557817757
-5.36650796707466,0.819469621534303,0.11685965940183
-5.3677404317915,0.812349360547607,0.116916544626259
-5.36896295788287,0.805227589940685,0.116973213447992
-5.37017554198066,0.798104334289644,0.117029665690699
-5.37137818362211,0.790979601371876,0.117085901312354
-5.37257088139399,0.783853404580698,0.117141920226676
-5.37375363389909,0.77672575731825,0.11719772234781
-5.37492643975664,0.769596672991943,0.117253307590324
-5.37608929760275,0.762466165010729,0.117308675869207
-5.37724220609086,0.755334246781234,0.117363827099867
-5.37838516389206,0.748200931703937,0.117418761198124
-5.37951816969541,0.741066233169796,0.117473478080211
-5.38064122220809,0.733930164557088,0.117527977662771
-5.38175432015556,0.726792739228908,0.117582259862848
-5.38285746228149,0.719653970531325,0.117636324597889
-5.38395064734769,0.712513871792293,0.11769017178574
-5.38503387413389,0.705372456321385,0.117743801344639
-5.38610714143738,0.698229737410318,0.117797213193218
-5.38717044807268,0.691085728334277,0.117850407250497
-5.38822379287105,0.683940442354012,0.117903383435885
-5.38926717468002,0.676793892718594,0.117956141669175
-5.39030059236281,0.66964609266861,0.118008681870545
-5.3913240447979,0.662497055439894,0.118061003960556
-5.39233753087848,0.655346794267288,0.118113107860153
-5.39334104951204,0.648195322388698,0.118164993490665
-5.39433459961997,0.641042653048829,0.118216660773805
-5.39531818013732,0.63388879950273,0.118268109631669
-5.39629179001259,0.626733775018837,0.118319339986745
-5.39725542820765,0.619577592881535,0.118370351761905
-5.39820909369783,0.612420266392886,0.118421144880416
-5.39915278547205,0.605261808873769,0.118471719265937
-5.40008650253308,0.598102233663941,0.118522074842526
-5.40101024389795,0.590941554121597,0.118572211534639
-5.40192400931782,0.58377977795197,0.118622129306566
-5.40282779639294,0.576616929883839,0.118671828004542
-5.40372160491344,0.569453017650094,0.118721307593847
-5.40460543395861,0.562288054661305,0.118770568000572
-5.40547928262482,0.555122054333011,0.118819609151224
-5.40634315002612,0.547955030081859,0.118868430972732
-5.40719703529487,0.540786995321623,0.118917033392445
-5.40804093758225,0.533617963459388,0.11896541633814
-5.40887485605869,0.526447947892056,0.119013579738021
-5.40969878991425,0.519276962003315,0.119061523520723
-5.41051273835893,0.512105019161125,0.119109247615313
-5.41131670062282,0.504932132715961,0.119156751951291
-5.41211067595614,0.497758315999828,0.119204036458593
-5.41289466362929,0.490583582326057,0.119251101067589
-5.41366866293266,0.483407944989908,0.119297945709087
-5.41443267317647,0.47623141727004,0.119344570314329
-5.41518669369047,0.469054012430572,0.119390974814991
-5.4159307238236,0.461875743723866,0.119437159143185
-5.41666476294367,0.454696624393785,0.119483123231454
-5.4173888104369,0.447516667679173,0.11952886701277
-5.41810286570755,0.440335886817754,0.119574390420534
-5.41880692817752,0.433154295049755,0.119619693388569
-5.419500997286,0.425971905621638,0.119664775851121
-5.42018507248911,0.418788731789235,0.119709637742852
-5.42085915325961,0.411604786820633,0.119754278998837
-5.4215232390867,0.40442008399824,0.119798699554558
-5.4221773294758,0.397234636620343,0.119842899345899
-5.42282142394845,0.390048458001691,0.119886878309144
-5.42345552204226,0.3828615614734,0.119930636380968
-5.42407962331087,0.375673960381944,0.119974173498431
-5.42469372780954,0.368485662356583,0.12001748963342
-5.42529783414493,0.361296692229792,0.120060584654689
-5.42589194241261,0.354107057650668,0.120103458535043
-5.42647605223084,0.34691677200322,0.120146111213035
-5.42705016323429,0.339725848672189,0.120188542627572
-5.42761427507405,0.332534301039101,0.120230752717917
-5.42816838741775,0.325342142478249,0.120272741423682
-5.42871249994954,0.318149386352965,0.120314508684821
-5.42924661237012,0.310956046012218,0.120356054441629
-5.42977072439667,0.303762134787638,0.120397378634736
-5.43028483576283,0.296567665991383,0.120438481205107
-5.4307889462185,0.28937265291455,0.120479362094033
-5.43128305552974,0.282177108826455,0.120520021243136
-5.43176716347857,0.274981046974823,0.120560458594361
-5.4322412698628,0.267784480586651,0.120600674089977
-5.43270537449575,0.260587422869995,0.120640667672575
-5.43315947720608,0.253389887016441,0.120680439285069
-5.43360357783751,0.246191886204052,0.120719988870691
-5.43403767624869,0.23899343360098,0.120759316372994
-5.43446177231292,0.231794542369198,0.12079842173585
-5.43487586591804,0.224595225668515,0.120837304903451
-5.4352799569663,0.217395496660453,0.120875965820306
-5.43567404537421,0.210195368511952,0.120914404431242
-5.43605813107254,0.202994854398773,0.120952620681406
-5.43643221400623,0.195793967508232,0.120990614516259
-5.43679629413446,0.188592721041413,0.121028385881579
-5.43715037143064,0.181391128214637,0.121065934723457
-5.43749444588243,0.174189202260038,0.121103260988297
-5.43782851749191,0.166986956425452,0.121140364622812
-5.43815258627553,0.159784403973356,0.121177245574026
-5.43846665226427,0.152581558179154,0.121213903789266
-5.43877071574347,0.145378426552647,0.121250339245287
-5.43906477628561,0.138175033939088,0.121286551831586
-5.43934883421326,0.13097138785995,0.121322541525691
-5.43962288961572,0.123767501612827,0.121358308276118
-5.43988694259686,0.116563388491782,0.121393852031667
-5.44014099327496,0.109359061783547,0.121429172741424
-5.44038504178266,0.102154534764064,0.121464270354754
-5.44061908826674,0.094949820695298,0.121499144821297
-5.44084313288796,0.087744932822698,0.121533796090964
-5.44105717582086,0.080539884373301,0.121568224113934
-5.44126121725353,0.073334688554593,0.121602428840653
-5.44145525738739,0.066129358554071,0.121636410221826
-5.44163929643698,0.058923907539841,0.121670168208418
-5.44181333462972,0.05171834866185,0.121703702751654
-5.44197737220581,0.044512695053979,0.121737013803012
-5.44213140941798,0.0373069598367,0.121770101314226
-5.44227544653149,0.030101156120446,0.121802965237284
-5.44240948382404,0.022895297009269,0.121835605524429
-5.44253352158574,0.015689395604699,0.12186802212816
-5.44264756011919,0.008483465009931,0.121900215001234
-5.44275159973962,0.001277518333605,0.121932184096663
-5.44284564077497,-0.005928431306477,0.121963929367722
-5.44292968356618,-0.013134370780144,0.121995450767952
-5.44300372846738,-0.020340286942144,0.122026748251157
-5.4430677758462,-0.027546166630249,0.122057821771413
-5.44312182608404,-0.034751996664011,0.122088671283072
-5.44316587957642,-0.041957763844361,0.122119296740763
-5.44319993673328,-0.04916345495412,0.122149698099398
-5.44322399797929,-0.056369056759253,0.122179875314178
-5.44323806375415,-0.0635745560109,0.122209828340595
-5.44324213451212,-0.070779945262659,0.122239557158338
-5.44323621071715,-0.077985199615309,0.122269061675516
-5.44322029286285,-0.085190311608511,0.122298341872609
-5.4431943814514,-0.092395267965805,0.122327397706324
-5.44315847700101,-0.099600055413374,0.122356229133685
-5.44311258004604,-0.106804660683902,0.122384836112034
-5.44305669113696,-0.114009070520063,0.122413218599038
-5.44299081084048,-0.121213271677752,0.122441376552691
-5.44291493973948,-0.128417250928538,0.122469309931319
-5.44282907843299,-0.135620995061649,0.122497018693581
-5.44273322753621,-0.142824490884988,0.122524502798474
-5.44262738768041,-0.150027725225465,0.122551762205336
-5.44251155951296,-0.157230684928428,0.122578796873845
-5.44238574369727,-0.164433356856395,0.122605606764026
-5.44224994091285,-0.171635727886911,0.122632191836249
-5.44210415185525,-0.178837784909891,0.122658552051231
-5.44194837723617,-0.18603951482434,0.122684687370039
-5.44178261778352,-0.193240904534838,0.122710597754087
-5.44160687424146,-0.200441940947618,0.122736283165139
-5.44142114737054,-0.207642610966849,0.122761743565307
-5.4412254379478,-0.214842901490874,0.122786978917054
-5.44101974676688,-0.222042799408799,0.122811989183188
-5.4408040746381,-0.229242291597628,0.122836774326864
-5.4405784223886,-0.23644136491988,0.122861334311585
-5.44034279086238,-0.243640006222026,0.122885669101194
-5.4400971809203,-0.250838202333554,0.122909778659879
-5.43984159344016,-0.258035940067003,0.122933662952168
-5.43957602931655,-0.265233206218762,0.122957321942925
-5.43930048946086,-0.272429987570644,0.122980755597354
-5.43901497480105,-0.279626270892179,0.12300396388099
-5.43871948628149,-0.286822042943611,0.123026946759704
-5.43841402460742,-0.294017296396109,0.123049704218318
-5.43809859125769,-0.301212006167733,0.123072236185932
-5.4377731869772,-0.308406164929824,0.123094542648211
-5.43743781277324,-0.315599759442291,0.123116623572342
-5.43709246966799,-0.322792776474568,0.123138478925834
-5.43673715869822,-0.32998520280916,0.123160108676526
-5.43637188091496,-0.337177025244612,0.12318151279258
-5.43599663738323,-0.344368230597862,0.123202691242487
-5.43561142918178,-0.351558805705782,0.123223643995063
-5.43521625740292,-0.358748737426099,0.123244371019451
-5.43481112315239,-0.365938012637383,0.123264872285124
-5.4343960275493,-0.373126618238154,0.123285147761887
-5.43397097172615,-0.38031454114535,0.123305197419877
-5.43353595682893,-0.387501768291901,0.123325021229564
-5.43309098401726,-0.394688286623836,0.123344619161755
-5.43263605446464,-0.401874083096816,0.123363991187599
-5.43217116935873,-0.409059144672328,0.123383137278584
-5.43169632990163,-0.416243458313809,0.123402057406541
-5.43121153731029,-0.42342701098264,0.12342075154365
-5.4307167928168,-0.430609789634477,0.123439219662437
-5.43021209766881,-0.437791781215801,0.123457461735777
-5.42969745312978,-0.444972972661009,0.123475477736898
-5.42917286047932,-0.452153350890184,0.123493267639382
-5.42863832101342,-0.459332902807498,0.123510831417163
-5.42809383604456,-0.466511615300491,0.123528169044529
-5.42753940690184,-0.473689475240071,0.123545280496126
-5.42697503493095,-0.480866469481442,0.12356216574695
-5.42640072149405,-0.488042584865732,0.123578824772357
-5.42581646796962,-0.495217808222341,0.123595257548054
-5.42522227575217,-0.502392126371885,0.123611464050101
-5.42461814625191,-0.509565526129534,0.123627444254912
-5.42400408037631,-0.516738000310268,0.123643198152337
-5.42338008059337,-0.52390952372592,0.123658725693127
-5.42274614784805,-0.531080089200247,0.123674026868019
-5.42210228360889,-0.538249683564192,0.123689101654824
-5.42144848935781,-0.545418293661367,0.123703950031697
-5.42078476658968,-0.552585906350705,0.123718571977138
-5.420111116812,-0.559752508508513,0.123732967469994
-5.41942754154452,-0.566918087029767,0.123747136489454
-5.4187340423191,-0.574082628828552,0.123761079015052
-5.41803062067959,-0.58124612083784,0.123774795026667
-5.4173172781818,-0.588408550008274,0.123788284504524
-5.41659401639367,-0.59556990330631,0.123801547429195
-5.41586083689548,-0.602730167711588,0.123814583781601
-5.41511774128019,-0.609889330213871,0.123827393543014
-5.41436473115392,-0.617047377809406,0.123839976695061
-5.41360180813642,-0.624204297497101,0.123852333219727
-5.41282897386168,-0.631360076274579,0.123864463099356
-5.41204622997855,-0.638514701134305,0.123876366316661
-5.41125357815142,-0.645668159059958,0.123888042854722
-5.4104510200608,-0.65282043702321,0.123899492696996
-5.40963855740399,-0.659971521981055,0.123910715827318
-5.40881619189563,-0.667121400873772,0.123921712229911
-5.40798392526819,-0.674270060623768,0.123932481889387
-5.40714175927238,-0.681417488135052,0.123943024790755
-5.40628969567747,-0.688563670293679,0.123953340919426
-5.40542773627146,-0.695708593968986,0.12396343026122
-5.40455588286123,-0.702852246015567,0.123973292802368
-5.40367413727248,-0.70999461327596,0.123982928529521
-5.40278250059602,-0.717135688585467,0.123992337437568
-5.40188097619365,-0.724275446768196,0.124001519498196
-5.40096956520123,-0.731413880654121,0.124010474707347
-5.40004826951782,-0.738550977073237,0.124019203053398
-5.39911709105997,-0.745686722862218,0.124027704525169
-5.39817603176143,-0.752821104868049,0.124035979111927
-5.39722509357271,-0.759954109951409,0.12404402680339
-5.39626427846081,-0.76708572498926,0.12405184758973
-5.39529358840895,-0.774215936876966,0.124059441461575
-5.39431302541638,-0.781344732529552,0.124066808410014
-5.39332259149828,-0.788472098882237,0.124073948426598
-5.39232228868579,-0.795598022890047,0.124080861503339
-5.39131211902613,-0.802722491526713,0.124087547632717
-5.39029208458278,-0.80984549178282,0.124094006807677
-5.38926218743586,-0.816967010663206,0.12410023902163
-5.3882224296825,-0.82408703518396,0.124106244268454
-5.38717281343729,-0.831205552368984,0.124112022542494
-5.38611334083288,-0.838322549246213,0.124117573838562
-5.38504401402046,-0.845438012843964,0.124122898151933
-5.38396483517034,-0.852551930187257,0.124127995478348
-5.38287580647248,-0.859664288294422,0.12413286581401
-5.38177693013693,-0.866775074174254,0.12413750915558
-5.38066820839424,-0.873884274823587,0.12414192550018
-5.37954964349572,-0.880991877225667,0.124146114845387
-5.37842123771365,-0.888097868349219,0.124150077189231
-5.37728299334126,-0.89520223514837,0.12415381253019
-5.37613491269265,-0.902304964563324,0.124157320867193
-5.37497699810254,-0.909406043521904,0.124160602199611
-5.37380925192589,-0.91650545894175,0.124163656527255
-5.37263167653736,-0.923603197733246,0.124166483850376
-5.37144427433073,-0.930699246802795,0.124169084169659
-5.37024704670492,-0.937793599035416,0.124171457488125
-5.36903999810788,-0.944886229382215,0.124173603803319
-5.36782312998129,-0.951977130741144,0.12417552311931
-5.36659644478779,-0.959066290041576,0.124177215438493
-5.36535994500528,-0.966153694227977,0.124178680763683
-5.36411363312627,-0.973239330263005,0.124179919098118
-5.36285751165721,-0.980323185129967,0.124180930445449
-5.36159158311806,-0.987405245834625,0.124181714809744
-5.3603158500419,-0.99448549940613,0.124182272195483
-5.35903031497478,-1.00156393289726,0.124182602607561
-5.35773498047563,-1.00864053338374,0.12418270605128
-5.35642984911645,-1.01571528796287,0.124182582532353
-5.35511492348253,-1.02278818375127,0.1241822320569
-5.35379020617291,-1.02985920788218,0.124181654631449
-5.35245569980088,-1.03692834750213,0.124180850262931
-5.35111140699465,-1.04399558976728,0.124179818958683
-5.34975733039798,-1.05106092183968,0.124178560726443
-5.34839347267096,-1.05812433088327,0.124177075574349
-5.34701983649066,-1.06518580406035,0.124175363510937
-5.34563642455184,-1.072245328528,0.12417342454514
-5.34424323956749,-1.07930289143534,0.124171258686282
-5.34284028426934,-1.08635847992112,0.124168865944077
-5.34142756140815,-1.09341208111207,0.124166246328629
-5.34000507375394,-1.10046368212208,0.12416339985042
-5.33857282409595,-1.10751327005214,0.124160326520314
-5.33713081524247,-1.11456083199103,0.124157026349548
-5.33567905002048,-1.12160635501693,0.12415349934973
-5.33421753127513,-1.12864982619952,0.124149745532829
-5.33274626186906,-1.13569123260285,0.124145764911179
-5.33126524468159,-1.1427305612886,0.124141557497466
-5.32977448134443,-1.14976780526318,0.124137123300882
-5.32827397728599,-1.15680293970558,0.1241324623423
-5.32676373417481,-1.16383595763765,0.124127574631789
-5.32524375494743,-1.17086684614814,0.1241224601834
-5.32371404255229,-1.17789559234125,0.124117119011516
-5.32217459994892,-1.1849221833393,0.124111551130844
-5.32062543010727,-1.19194660628485,0.124105756556413
-5.31906653600714,-1.19896884834211,0.124099735303567
-5.31749792063785,-1.20598889669747,0.124093487387966
-5.31591958699813,-1.21300673855935,0.124087012825581
-5.31433153809613,-1.22002236115719,0.124080311632691
-5.31273377694971,-1.22703575173974,0.124073383825884
-5.31112630658693,-1.23404689757254,0.124066229422053
-5.30950913004664,-1.24105578593498,0.124058848438399
-5.30788225037933,-1.24806240411683,0.124051240892427
-5.30624567064803,-1.25506673941447,0.124043406801947
-5.30459939392927,-1.26206877912707,0.12403534618508
-5.30294342331417,-1.26906851055272,0.124027059060251
-5.30127776190943,-1.27606592098488,0.124018545446197
-5.29960241283834,-1.2830609977091,0.124009805361968
-5.29791737924167,-1.29005372800032,0.124000838826924
-5.29622266427842,-1.29704409912083,0.123991645860747
-5.29451827112647,-1.30403209831883,0.123982226483433
-5.29280420298301,-1.31101771282803,0.123972580715301
-5.29108046306476,-1.31800092986776,0.123962708576996
-5.28934705460799,-1.32498173664415,0.123952610089489
-5.28760398086842,-1.33196012035186,0.123942285274077
-5.28585124512076,-1.33893606817669,0.123931734152394
-5.28408885065827,-1.34590956729856,0.123920956746405
-5.28231680079201,-1.35288060489506,0.123909953078412
-5.28053509885009,-1.35984916814521,0.123898723171055
-5.27874374665953,-1.36681525011668,0.123887267037541
-5.27694275060628,-1.37377882623438,0.123875584720546
-5.27513211255519,-1.38073988959007,0.123863676234153
-5.27331183589385,-1.38769842740614,0.12385154160237
-5.27148192402269,-1.39465442692377,0.123839180849549
-5.26964238035445,-1.40160787540494,0.123826594000387
-5.26779320831372,-1.40855876013378,0.123813781079926
-5.26593441133671,-1.41550706841716,0.123800742113555
-5.26406599287124,-1.42245278758441,0.123787477127005
-5.26218795637688,-1.42939590498633,0.123773986146354
-5.26030030532533,-1.43633640799334,0.12376026919802
-5.25840304320097,-1.44327428399313,0.123746326308767
-5.25649617350156,-1.45020952038765,0.123732157505699
-5.25457969973905,-1.45714210458974,0.123717762816258
-5.25265362544057,-1.46407202401945,0.123703142268227
-5.25071795414935,-1.47099926610041,0.123688295889723
-5.24877268942566,-1.47792381825612,0.123673223709198
-5.24681783484779,-1.48484566790659,0.123657925755437
-5.24485339401287,-1.49176480246534,0.123642402057553
-5.2428793705375,-1.49868120933695,0.123626652644988
-5.24089576805835,-1.50559487591527,0.123610677547509
-5.23890259023243,-1.51250578958235,0.123594476795203
-5.23689984073723,-1.51941393770813,0.12357805041848
-5.23488752327055,-1.52631930765098,0.123561398448066
-5.2328656415502,-1.53322188675898,0.123544520915002
-5.23083419931334,-1.54012166237196,0.123527417850643
-5.22879320031577,-1.54701862182407,0.123510089286652
-5.22674264833093,-1.55391275244698,0.123492535255003
-5.22468254714883,-1.56080404157348,0.123474755787974
-5.22261290057488,-1.56769247654116,0.123456750918149
-5.22053371066828,-1.57457805051136,0.123438520662922
-5.21844498477418,-1.58146073921011,0.123420065086278
-5.2163467249846,-1.58834053582932,0.123401384206404
-5.21423893515459,-1.59521742776229,0.123382478057088
-5.21212161914906,-1.60209140242348,0.123363346672418
-5.20999478084207,-1.60896244725051,0.123343990086782
-5.20785842411635,-1.615830549705,0.123324408334863
-5.20571255286309,-1.62269569727294,0.123304601451646
-5.20355717098188,-1.62955787746414,0.123284569472409
-5.20139228238105,-1.63641707781079,0.123264312432731
-5.19921789097813,-1.64327328586552,0.123243830368487
-5.19703400070055,-1.65012648919865,0.123223123315852
-5.19484061548658,-1.65697667539507,0.123202191311294
